Wavelength (nm)	Spectral irradiance (W m-2 nm-1)	Cumulative photon flux (cm-2 s-1)
280	4,72E-23	1,66224441231309E-09
280,5	1,23E-21	8,84508727286265E-08
281	5,67E-21	4,89238426422039E-07
281,5	1,56E-19	1,15358184994119E-05
282	1,19E-18	9,5951069692515E-05
282,5	4,53E-18	0,000417866283153072
283	1,84E-17	0,00172773902888502
283,5	3,53E-17	0,00424514127895218
284	7,25E-16	0,05603934898102
284,5	2,48E-15	0,233523181842948
285	7,99E-15	0,806340957796148
285,5	4,25E-14	3,85858946534819
286	1,36E-13	13,6428901102226
286,5	8,36E-13	73,8927097486542
287	2,73E-12	270,984888848446
287,5	1,09E-11	1059,2806556593
288	6,22E-11	5565,45219083056
288,5	1,71E-10	17975,3091392034
289	5,61E-10	58758,9084618287
289,5	0,00000000207	209504,201704081
290	0,000000006	647201,73158071
290,5	0,0000000137	1648334,21105169
291	0,000000035	4210374,06265713
291,5	0,000000109	12203007,6635394
292	0,000000268	31888328,2945885
292,5	0,000000426	63232753,9901503
293	0,000000862	126765808,203266
293,5	0,00000226	293621640,698937
294	0,00000416	601277725,147392
294,5	0,00000657	1087993605,11564
295	0,0000123	2000743885,09113
295,5	0,0000277	4059771170,24956
296	0,0000478	7618906118,93833
296,5	0,0000711	12921875821,2134
297	0,0000965	20131433324,1038
297,5	0,000186	34050969425,0942
298	0,000289	55714984751,5511
298,5	0,000357	82521317178,2971
299	0,000491	119451165835,572
299,5	0,000858	184092299140,128
300	0,001	259557390498,168
300,5	0,0012	350266430310,531
301	0,0019	494128049469,407
301,5	0,0027	698902574869,448
302	0,0029	919210331574,018
302,5	0,0043	1246414390187,25
303	0,0071	1787574560315,75
303,5	0,009	2474684217130,7
304	0,0094	3193514367346,48
304,5	0,0119	4105019473314,57
305	0,0164	5363274096557,61
305,5	0,0187	6800343253773,53
306	0,0185	8224369527699,74
306,5	0,021	9843473062786,48
307	0,0278	11990354291800,9
307,5	0,0355	14736340303591,6
308	0,0377	17657241819634,9
308,5	0,0413	20862256827126,1
309	0,0404	24002510208716,8
309,5	0,0432	27365838400362
310	0,0508	31327252596050
310,5	0,0653	36427598528028,8
311	0,0827	42897396895366,7
311,5	0,0838	49463790579642,9
312	0,0931	56770622585293,7
312,5	0,0987	64529377290542,1
313	0,107	72954048539449,2
313,5	0,107	81392177729648,4
314	0,119	90791606408596,7
314,5	0,13	101076240609175
315	0,136	111852655655103
315,5	0,118	121217621942331
316	0,123	130994879178679
316,5	0,15	142937229886089
317	0,171	156573017243573
317,5	0,182	171108851590654
318	0,175	185107626037570
318,5	0,185	199929598856050
319	0,204	216299486473436
319,5	0,195	231971699321217
320	0,205	248473399298175
320,5	0,245	268225758085381
321	0,25	288412670023656
321,5	0,238	307660544675133
322	0,221	325561367445870
322,5	0,217	343165486632416
323	0,212	360390645285193
323,5	0,248	380572023116769
324	0,275	402985155250107
324,5	0,282	426004272067050
325	0,278	448731842081046
325,5	0,323	475178960672928
326	0,38	506341012397708
326,5	0,406	539686269215476
327	0,397	572342278198840
327,5	0,384	603977244496130
328	0,35	632855219455807
328,5	0,371	663512535494554
329	0,421	698354516624256
329,5	0,467	737062197058774
330	0,47	776077649290880
330,5	0,427	811577308691768
331	0,402	845049095312713
331,5	0,417	879822277434127
332	0,435	916151172413887
332,5	0,438	952785701013648
333	0,428	988637656616025
333,5	0,406	1022697819399260
334	0,414	1057481189308010
334,5	0,444	1094840937435720
335	0,463	1133857647419350
335,5	0,452	1172004244899620
336	0,414	1206995898460510
336,5	0,381	1239246282577830
337	0,373	1270866407407150
337,5	0,399	1304740800290490
338	0,433	1341556193559210
338,5	0,454	1380214192808580
339	0,462	1419611498402960
339,5	0,473	1460006326729940
340	0,5	1502769878499490
340,5	0,499	1545510664966490
341	0,47	1585826632273000
341,5	0,468	1626029905043080
342	0,488	1668012644667390
342,5	0,506	1711607570193400
343	0,513	1755870110227630
343,5	0,485	1797777762086040
344	0,417	1833862150169800
344,5	0,402	1868699100293410
345	0,458	1908446563911690
345,5	0,488	1950858951456120
346	0,476	1992288280410470
346,5	0,485	2034561937961960
347	0,493	2077594900107660
347,5	0,475	2119116422248620
348	0,474	2160610148080920
348,5	0,482	2202864813584420
349	0,464	2243599863698270
349,5	0,477	2285536192291390
350	0,526	2331846603354780
350,5	0,566	2381749907417720
351	0,55	2430311693706610
351,5	0,529	2477085837756390
352	0,516	2522775422668200
352,5	0,488	2566047106052900
353	0,519	2612132882694350
353,5	0,571	2662907934337620
354	0,603	2716604365442520
354,5	0,61	2771000861044920
355	0,61	2825474079490200
355,5	0,589	2878146071979910
356	0,552	2927578725423080
356,5	0,518	2974031765509130
357	0,455	3014892339224940
357,5	0,461	3056349716038240
358	0,429	3094983314908080
358,5	0,398	3130875267008880
359	0,468	3173138736773030
359,5	0,564	3224142573418280
360	0,596	3278115206757550
360,5	0,564	3329260917774550
361	0,519	3376391131280380
361,5	0,508	3422586332304290
362	0,533	3471121957361520
362,5	0,583	3524283969844450
363	0,6	3579071626170390
363,5	0,584	3632471731016560
364	0,605	3687868139079450
364,5	0,599	3742790500593460
365	0,622	3799899966230180
365,5	0,684	3862788045462490
366	0,733	3930273458060330
366,5	0,734	3997943257031380
367	0,721	4064505228461310
367,5	0,707	4129863657459220
368	0,666	4191515618495090
368,5	0,661	4252787864346270
369	0,691	4316927909444200
369,5	0,743	4385988152723540
370	0,753	4456072583067750
370,5	0,681	4519541366178060
371	0,691	4584029053796850
371,5	0,718	4651126827375420
372	0,673	4714103955415530
372,5	0,641	4774167250503150
373	0,617	4832059289137250
373,5	0,556	4884297734677120
374	0,555	4936512031387740
374,5	0,551	4988419310951700
375	0,588	5043886153099860
375,5	0,65	5105283293677230
376	0,673	5168937595137130
376,5	0,662	5231634747688300
377	0,71	5298967217700990
377,5	0,792	5374175727748410
378	0,854	5455379184653320
378,5	0,832	5534595394152460
379	0,742	5605335867690880
379,5	0,665	5668818989168550
380	0,699	5735635781056950
380,5	0,749	5807326234320420
381	0,762	5880356821831250
381,5	0,686	5946189800478650
382	0,585	6002403747031250
382,5	0,506	6051090050720890
383	0,454	6094830120772620
383,5	0,439	6137180249616690
384	0,508	6186250670621340
384,5	0,612	6245443978980760
385	0,672	6310525073767930
385,5	0,642	6372781510185570
386	0,619	6432885430647380
386,5	0,644	6495497810745930
387	0,65	6558775289849640
387,5	0,64	6621159765372290
388	0,634	6683039127883440
388,5	0,63	6744607322667900
389	0,683	6811440968426710
389,5	0,758	6885708931885510
390	0,795	6963702103804040
390,5	0,801	7042384649332130
391	0,849	7125889036872550
391,5	0,861	7210681990847900
392	0,793	7288877912311880
392,5	0,661	7354140752194070
393	0,478	7401395483100650
393,5	0,38	7439009800136540
394	0,494	7487970545208420
394,5	0,682	7555649903091050
395	0,805	7635636611172960
395,5	0,858	7720997439960780
396	0,754	7796106336087610
396,5	0,549	7850863429051550
397	0,425	7893306254182830
397,5	0,628	7956100756701860
398	0,85	8041200224723270
398,5	1	8141443021077200
399	1,07	8248837392588830
399,5	1,1	8359381173913130
400	1,11	8526913676727980
401	1,16	8760935956035350
402	1,2	9003631689842800
403	1,16	9,23882116256318E+015
404	1,18	9,47865928491121E+015
405	1,15	9,71297839357792E+015
406	1,12	9,94174830252677E+015
407	1,1	1,01669864452001E+016
408	1,15	1,0403041250968E+016
409	1,23	1,06561360743646E+016
410	1,05	1,08727208865622E+016
411	1,17	1,11146468764378E+016
412	1,24	1,13716709155911E+016
413	1,19	1,16189297719227E+016
414	1,18	1,18647044814575E+016
415	1,22	1,21194243198214E+016
416	1,26	1,23831295350629E+016
417	1,23	1,26411748684526E+016
418	1,17	1,28872212523163E+016
419	1,22	1,31443962216523E+016
420	1,12	1,33810547481512E+016
421	1,27	1,36500475507938E+016
422	1,25	1,39154331220696E+016
423	1,21	1,41729351068015E+016
424	1,21	1,44310458432704E+016
425	1,25	1,46983180418301E+016
426	1,21	1,49576462817729E+016
427	1,17	1,520899031505E+016
428	1,18	1,54630762466464E+016
429	1,09	1,56983311224459E+016
430	0,872	1,58869737268167E+016
431	0,792	1,60587081259183E+016
432	1,32	1,63455962172251E+016
433	1,23	1,66135425706009E+016
434	1,13	1,6860273171293E+016
435	1,24	1,71316456398165E+016
436	1,36	1,74299641769609E+016
437	1,39	1,77355625799183E+016
438	1,22	1,80043994213722E+016
439	1,17	1,82628069872004E+016
440	1,35	1,85616487489783E+016
441	1,33	1,88567323492065E+016
442	1,42	1,91724984154729E+016
443	1,44	1,94934363560003E+016
444	1,4	1,9806163694588E+016
445	1,46	2,01330281602902E+016
446	1,31	2,04269697221358E+016
447	1,49	2,07620498207838E+016
448	1,5	2,11001334300678E+016
449	1,5	2,14389716902654E+016
450	1,56	2,1792148317821E+016
451	1,61	2,21574547010609E+016
452	1,54	2,2507652973011E+016
453	1,43	2,28335565165498E+016
454	1,53	2,31830202616106E+016
455	1,52	2,35309646428321E+016
456	1,57	2,38911444308657E+016
457	1,58	2,4254413256639E+016
458	1,55	2,46115643790061E+016
459	1,53	2,49648768437262E+016
460	1,52	2,53166447895765E+016
461	1,58	2,56830932111989E+016
462	1,59	2,60526608565975E+016
463	1,6	2,64253577877844E+016
464	1,55	2,67871877458158E+016
465	1,53	2,71451186741269E+016
466	1,56	2,75108526928845E+016
467	1,49	2,78609251896823E+016
468	1,56	2,82282288823402E+016
469	1,56	2,85963174119481E+016
470	1,5	2,89510033413309E+016
471	1,53	2,93135527332332E+016
472	1,61	2,96958689480652E+016
473	1,55	3,00647171595929E+016
474	1,56	3,04367298739515E+016
475	1,61	3,08214760647252E+016
476	1,56	3,1195058452984E+016
477	1,57	3,15718254680982E+016
478	1,62	3,19614064557249E+016
479	1,59	3,23445729105862E+016
480	1,61	3,27333690612629E+016
481	1,61	3,31229752039201E+016
482	1,62	3,35158162834935E+016
483	1,6	3,39046124341701E+016
484	1,57	3,42869085249777E+016
485	1,56	3,46675544457877E+016
486	1,27	3,49780782037077E+016
487	1,42	3,53259923988927E+016
488	1,54	3,57040825686086E+016
489	1,45	3,60608060554581E+016
490	1,62	3,64601673189248E+016
491	1,56	3,68455222614355E+016
492	1,48	3,7211860000924E+016
493	1,59	3,76062254753428E+016
494	1,55	3,79914496116952E+016
495	1,64	3,83998666861249E+016
496	1,56	3,87891458133862E+016
497	1,59	3,91867110076786E+016
498	1,55	3,95750543678071E+016
499	1,55	3,99641775338796E+016
500	1,54	4,03515650028509E+016
501	1,49	4,07271245765033E+016
502	1,49	4,11034337700632E+016
503	1,56	4,14982067559754E+016
504	1,45	4,18658726810717E+016
505	1,56	4,22622153408842E+016
506	1,62	4,26746169721376E+016
507	1,55	4,30699785857623E+016
508	1,51	4,34558970009552E+016
509	1,58	4,38605005727683E+016
510	1,54	4,4255635791119E+016
511	1,57	4,46592583167444E+016
512	1,61	4,50739742107995E+016
513	1,52	4,54662719417151E+016
514	1,48	4,58489906370343E+016
515	1,53	4,62454087619381E+016
516	1,54	4,66451926299165E+016
517	1,26	4,69729224286662E+016
518	1,44	4,73481952349714E+016
519	1,39	4,77111370453488E+016
520	1,52	4,81087877667447E+016
521	1,53	4,85098243552396E+016
522	1,56	4,89195092432042E+016
523	1,47	4,93062980224507E+016
524	1,59	4,97254613258898E+016
525	1,57	5,01401420029022E+016
526	1,53	5,05450273110563E+016
527	1,34	5,09003068991578E+016
528	1,53	5,13067316951757E+016
529	1,6	5,17325560506786E+016
530	1,54	5,21431867677882E+016
531	1,62	5,25759639737083E+016
532	1,6	5,30042032121347E+016
533	1,42	5,3384979939103E+016
534	1,53	5,3796023198712E+016
535	1,55	5,42132193787697E+016
536	1,62	5,46500716996231E+016
537	1,49	5,50526175899451E+016
538	1,57	5,54775665503883E+016
539	1,53	5,58924585296566E+016
540	1,48	5,62945365364122E+016
541	1,42	5,66810284862994E+016
542	1,55	5,71036833079653E+016
543	1,52	5,75189224266538E+016
544	1,57	5,79486105948343E+016
545	1,54	5,83708629360129E+016
546	1,52	5,87883961934787E+016
547	1,54	5,92121980845333E+016
548	1,5	5,96257467851753E+016
549	1,55	6,00538602484495E+016
550	1,54	6,04799864643179E+016
551	1,53	6,09041153707683E+016
552	1,57	6,13401224825986E+016
553	1,52	6,17630087305446E+016
554	1,55	6,2195021223539E+016
555	1,56	6,26306057308576E+016
556	1,53	6,30585833569673E+016
557	1,49	6,34761216454391E+016
558	1,53	6,39056387594126E+016
559	1,44	6,43106146256763E+016
560	1,47	6,47247670470493E+016
561	1,56	6,51650605760686E+016
562	1,48	6,5583519538655E+016
563	1,54	6,60197178287167E+016
564	1,51	6,64481784314111E+016
565	1,52	6,68802412344663E+016
566	1,43	6,72874408054221E+016
567	1,53	6,77238856147822E+016
568	1,51	6,81553849451553E+016
569	1,48	6,85790560300515E+016
570	1,48	6,90034717038491E+016
571	1,43	6,94142684441597E+016
572	1,51	6,98488065022114E+016
573	1,52	7,02869870086728E+016
574	1,51	7,07230444305639E+016
575	1,47	7,11482902203664E+016
576	1,46	7,15713777085561E+016
577	1,5	7,2006811285692E+016
578	1,45	7,24284599061398E+016
579	1,47	7,28566639275236E+016
580	1,5	7,32943614574003E+016
581	1,5	7,37328136381905E+016
582	1,53	7,41808046065283E+016
583	1,54	7,46324983953488E+016
584	1,54	7,50849669591073E+016
585	1,53	7,55352671592407E+016
586	1,49	7,59745444250298E+016
587	1,52	7,64234309124517E+016
588	1,49	7,68642074180558E+016
589	1,29	7,72464682918208E+016
590	1,37	7,76531245141188E+016
591	1,46	7,80872299056468E+016
592	1,43	7,85131347572472E+016
593	1,45	7,89457258159419E+016
594	1,44	7,9376057952902E+016
595	1,43	7,98041211061153E+016
596	1,47	8,02448976117193E+016
597	1,47	8,06864136752186E+016
598	1,46	8,11256607549712E+016
599	1,46	8,15656423616129E+016
600	1,47	8,20093770987982E+016
601	1,45	8,24478041245579E+016
602	1,43	8,28809033148678E+016
603	1,46	8,33238230290664E+016
604	1,49	8,37765934531903E+016
605	1,49	8,42301134972216E+016
606	1,48	8,46813343714696E+016
607	1,49	8,5136353655316E+016
608	1,48	8,55890637073668E+016
609	1,47	8,60394544656098E+016
610	1,46	8,64875158680329E+016
611	1,46	8,69363117973453E+016
612	1,48	8,73920002050017E+016
613	1,46	8,78422651880925E+016
614	1,41	8,82778195093745E+016
615	1,47	8,87326476149894E+016
616	1,43	8,91758188794926E+016
617	1,41	8,96135013163509E+016
618	1,46	9,00674389338878E+016
619	1,47	9,0525225271084E+016
620	1,47	9,09837511661754E+016
621	1,48	9,14461408739444E+016
622	1,42	9,18904994558849E+016
623	1,41	9,23324381238958E+016
624	1,41	9,27750861637655E+016
625	1,4	9,32152991966874E+016
626	1,4	9,3656216570462E+016
627	1,44	9,41104560483643E+016
628	1,36	9,45401442165448E+016
629	1,41	9,49863391157084E+016
630	1,39	9,54269043190566E+016
631	1,41	9,58745179619377E+016
632	1,36	9,63069429974314E+016
633	1,45	9,67687138914513E+016
634	1,42	9,722164530777E+016
635	1,44	9,76816805046886E+016
636	1,41	9,81328410068635E+016
637	1,46	9,86007346352956E+016
638	1,47	9,90725725725026E+016
639	1,46	9,9541935254713E+016
640	1,43	1,00002372932119E+017
641	1,43	1,00463530043396E+017
642	1,43	1,00925406588543E+017
643	1,45	1,01394472441395E+017
644	1,44	1,01861027822207E+017
645	1,45	1,02331552666824E+017
646	1,41	1,02789806887586E+017
647	1,4	1,03245515419267E+017
648	1,39	1,03698668199854E+017
649	1,35	1,04139459798476E+017
650	1,36	1,0458420073688E+017
651	1,44	1,05055827371831E+017
652	1,38	1,05508497175833E+017
653	1,43	1,05978287493561E+017
654	1,41	1,06442216689194E+017
655	1,35	1,06887083402749E+017
656	1,18	1,07276523522206E+017
657	1,24	1,07686389526389E+017
658	1,38	1,08143225003434E+017
659	1,39	1,08604070192334E+017
660	1,4	1,09068935155099E+017
661	1,39	1,09531178963691E+017
662	1,38	1,09990791556098E+017
663	1,38	1,10451098427346E+017
664	1,39	1,10915440165478E+017
665	1,42	1,11390518070607E+017
666	1,42	1,11866310378602E+017
667	1,41	1,12339461408398E+017
668	1,41	1,12813321810054E+017
669	1,44	1,13297988812791E+017
670	1,42	1,13776638732245E+017
671	1,41	1,14252627249477E+017
672	1,39	1,14722563466382E+017
673	1,41	1,15199970727331E+017
674	1,4	1,15674696462034E+017
675	1,39	1,16146730608478E+017
676	1,41	1,16626265985004E+017
677	1,4	1,17103104742265E+017
678	1,4	1,17580647840379E+017
679	1,39	1,18055479226209E+017
680	1,39	1,18531009921887E+017
681	1,39	1,19007239927411E+017
682	1,39	1,19484169242782E+017
683	1,38	1,19958361690839E+017
684	1,37	1,20429807209571E+017
685	1,37	1,20901941976137E+017
686	1,34	1,21364412180004E+017
687	0,965	1,21697945244279E+017
688	1,12	1,22085614449591E+017
689	1,12	1,22473847127586E+017
690	1,18	1,22883471643477E+017
691	1,23	1,2331107194413E+017
692	1,27	1,23753216883391E+017
693	1,26	1,24192514273204E+017
694	1,24	1,24625462533331E+017
695	1,27	1,25069524285912E+017
696	1,26	1,25510723396028E+017
697	1,34	1,25980609302872E+017
698	1,32	1,26444146080029E+017
699	1,29	1,26897796930219E+017
700	1,28	1,27348575075931E+017
701	1,26	1,27792943719884E+017
702	1,26	1,28237946270604E+017
703	1,27	1,28687119525373E+017
704	1,3	1,29147557202779E+017
705	1,32	1,29615742629564E+017
706	1,31	1,30081040258854E+017
707	1,31	1,30546996949941E+017
708	1,3	1,31010050750514E+017
709	1,31	1,31477325565197E+017
710	1,31	1,31945259441677E+017
711	1,31	1,32413852379956E+017
712	1,3	1,32879522303696E+017
713	1,29	1,33342259150885E+017
714	1,3	1,33809237136209E+017
715	1,26	1,34262480474905E+017
716	1,27	1,3471995992073E+017
717	1,1	1,3511675537109E+017
718	1,03	1,3548881839551E+017
719	0,921	1,35821971115724E+017
720	0,983	1,36178045602788E+017
721	1,08	1,36569799985046E+017
722	1,24	1,3702021589832E+017
723	1,14	1,37434881482314E+017
724	1,05	1,37817338565316E+017
725	1,04	1,38196676424543E+017
726	1,08	1,38591147550089E+017
727	1,08	1,38986162024294E+017
728	1,04	1,39367069557421E+017
729	1,04	1,39748500315181E+017
730	1,13	1,40163508007589E+017
731	1,07	1,40557018210973E+017
732	1,15	1,40980528303674E+017
733	1,19	1,41419367871933E+017
734	1,23	1,41873577163799E+017
735	1,21	1,42321009690461E+017
736	1,2	1,42765348148377E+017
737	1,2	1,43210290327024E+017
738	1,22	1,43663261991391E+017
739	1,19	1,44105693697999E+017
740	1,22	1,44559892927853E+017
741	1,21	1,45010977964936E+017
742	1,21	1,45462671753757E+017
743	1,24	1,4592618840689E+017
744	1,25	1,4639407197331E+017
745	1,25	1,46862584415491E+017
746	1,24	1,4732797260289E+017
747	1,24	1,47793984635044E+017
748	1,24	1,48260620511954E+017
749	1,23	1,48724112010056E+017
750	1,23	1,49188222321908E+017
751	1,23	1,49652951447509E+017
752	1,23	1,5011829938686E+017
753	1,22	1,50580477792373E+017
754	1,24	1,51050856737814E+017
755	1,23	1,51518061118411E+017
756	1,22	1,51982080872153E+017
757	1,22	1,52446714408639E+017
758	1,23	1,52915775230484E+017
759	1,19	1,53370180731587E+017
760	0,265	1,5347150519425E+017
761	0,154	1,53530465567028E+017
762	0,686	1,537934523546E+017
763	0,378	1,53938553613659E+017
764	0,537	1,54144959694335E+017
765	0,684	1,54408212119028E+017
766	0,812	1,54721136673054E+017
767	0,971	1,55095824373351E+017
768	1,11	1,55524707580557E+017
769	1,12	1,55958018073123E+017
770	1,16	1,5640738753713E+017
771	1,17	1,56861219503539E+017
772	1,17	1,5731564009766E+017
773	1,17	1,57770649319494E+017
774	1,17	1,58226247169041E+017
775	1,17	1,58682433646301E+017
776	1,18	1,59143112811999E+017
777	1,17	1,59600476544683E+017
778	1,17	1,6005842890508E+017
779	1,17	1,6051696989319E+017
780	1,16	1,60972175324262E+017
781	1,16	1,6142796435204E+017
782	1,16	1,61884336976525E+017
783	1,16	1,62341293197716E+017
784	1,15	1,62794888706839E+017
785	1,16	1,63253012121443E+017
786	1,16	1,63711719132754E+017
787	1,14	1,64163090937184E+017
788	1,13	1,6461107184351E+017
789	1,12	1,65055651789718E+017
790	1,09	1,65488871724175E+017
791	1,1	1,65926619564112E+017
792	1,09	1,66360936257896E+017
793	1,08	1,66791811743514E+017
794	1,09	1,67227225196625E+017
795	1,09	1,67663187029401E+017
796	1,07	1,68091687880144E+017
797	1,09	1,68528746472247E+017
798	1,11	1,68974382929734E+017
799	1,09	1,69412538281165E+017
800	1,07	1,69843192402515E+017
801	1,08	1,70278414677395E+017
802	1,08	1,70714180300933E+017
803	1,06	1,71142409477347E+017
804	1,08	1,71579261798201E+017
805	1,05	1,72004507588003E+017
806	1,09	1,72446501597081E+017
807	1,08	1,72884983963908E+017
808	1,08	1,73324009679393E+017
809	1,05	1,73751368491753E+017
810	1,05	1,74179255559753E+017
811	1,05	1,74607670883393E+017
812	1,02	1,75024358931835E+017
813	1,01	1,75437469934948E+017
814	0,901	1,75806450965036E+017
815	0,893	1,76172605072802E+017
816	0,83	1,76513345053302E+017
817	0,849	1,76862312238062E+017
818	0,82	1,7719977200259E+017
819	0,903	1,7757184357972E+017
820	0,859	1,77926217586726E+017
821	0,995	1,78337197958758E+017
822	0,949	1,78729655675668E+017
823	0,671	1,79007484434307E+017
824	0,932	1,79393849602841E+017
825	0,967	1,79795210691229E+017
826	0,931	1,80182098078194E+017
827	0,982	1,80590673126215E+017
828	0,847	1,80943505632954E+017
829	0,927	1,81330129898302E+017
830	0,913	1,81711374508836E+017
831	0,921	1,82096423063076E+017
832	0,892	1,82469796161482E+017
833	0,954	1,82869601159686E+017
834	0,931	1,83260235639988E+017
835	1	1,83680324648547E+017
836	0,97	1,84088298994441E+017
837	1,01	1,84513605156317E+017
838	0,996	1,84933517073462E+017
839	0,998	1,85354774281636E+017
840	1,01	1,85781604838357E+017
841	1,01	1,86208943526694E+017
842	0,994	1,8663001257524E+017
843	1	1,87054126388672E+017
844	0,983	1,87471524815174E+017
845	1,01	1,87900896029971E+017
846	1,02	1,88335031607536E+017
847	0,989	1,8875647043503E+017
848	0,989	1,89178406829026E+017
849	0,983	1,89598277995022E+017
850	0,891	1,89979301241289E+017
851	0,972	1,90395451978281E+017
852	0,967	1,9080994852047E+017
853	0,962	1,91222785836851E+017
854	0,849	1,91587556921043E+017
855	0,91	1,91978994349917E+017
856	0,97	1,92396728847626E+017
857	0,989	1,92823143340144E+017
858	0,989	1,93250055399164E+017
859	0,989	1,93677465024686E+017
860	0,985	1,94103641550615E+017
861	0,984	1,9452988046102E+017
862	0,992	1,94960083804224E+017
863	0,998	1,95393391278186E+017
864	0,976	1,95817637910179E+017
865	0,96	1,96235412655937E+017
866	0,847	1,96604437958879E+017
867	0,913	1,97002677811088E+017
868	0,956	1,97420154721286E+017
869	0,947	1,97834177845802E+017
870	0,965	1,98256555962133E+017
871	0,951	1,98673284761725E+017
872	0,964	1,990961951585E+017
873	0,954	1,99515198475946E+017
874	0,938	1,99927646392455E+017
875	0,924	2,00334403234875E+017
876	0,95	2,00753083561729E+017
877	0,953	2,01173565491865E+017
878	0,95	2,01593201709876E+017
879	0,934	2,02006240266501E+017
880	0,937	2,02421076904702E+017
881	0,906	2,0282264476744E+017
882	0,93	2,03235318073022E+017
883	0,927	2,03647126548658E+017
884	0,93	2,04060735621373E+017
885	0,942	2,04480155506123E+017
886	0,905	2,0488355666748E+017
887	0,908	2,05288751885609E+017
888	0,92	2,05699764959182E+017
889	0,932	2,06116607962612E+017
890	0,921	2,06528994500847E+017
891	0,923	2,06942740920029E+017
892	0,906	2,07349322683436E+017
893	0,871	2,0774063584646E+017
894	0,849	2,08122492227335E+017
895	0,811	2,08487665288914E+017
896	0,76	2,08830256679655E+017
897	0,664	2,09129907427212E+017
898	0,716	2,09453385019614E+017
899	0,547	2,09700786253418E+017
900	0,74	2,10035851259048E+017
901	0,598	2,10306920861005E+017
902	0,666	2,10609149496083E+017
903	0,687	2,10921253493016E+017
904	0,842	2,11304197577408E+017
905	0,815	2,11675272009131E+017
906	0,773	2,12027612483474E+017
907	0,637	2,1231828338826E+017
908	0,65	2,12615213367724E+017
909	0,702	2,12936250922172E+017
910	0,623	2,13221473750463E+017
911	0,666	2,13526717970591E+017
912	0,687	2,1384193263859E+017
913	0,627	2,14129933085343E+017
914	0,625	2,14417329308265E+017
915	0,676	2,14728517158989E+017
916	0,575	2,14993500249778E+017
917	0,728	2,15329358141967E+017
918	0,591	2,15602309340202E+017
919	0,737	2,15943060892016E+017
920	0,742	2,1628649749178E+017
921	0,778	2,1664698819599E+017
922	0,698	2,1697076161155E+017
923	0,743	2,17315782475133E+017
924	0,719	2,17650020383361E+017
925	0,709	2,17979966340294E+017
926	0,701	2,18306542026246E+017
927	0,785	2,18672645823951E+017
928	0,588	2,1894716971469E+017
929	0,55	2,19204228970886E+017
930	0,431	2,19405886788013E+017
931	0,408	2,19596988548161E+017
932	0,3	2,19737655478452E+017
933	0,248	2,19854064909777E+017
934	0,143	2,19921260033324E+017
935	0,25	2,2003885980069E+017
936	0,161	2,20114675050072E+017
937	0,163	2,20191514109193E+017
938	0,2	2,20285895783452E+017
939	0,398	2,20473915549269E+017
940	0,47	2,20696185398348E+017
941	0,371	2,20871823355076E+017
942	0,404	2,21063287347662E+017
943	0,278	2,21195177184728E+017
944	0,285	2,21330531372588E+017
945	0,367	2,21505014210317E+017
946	0,194	2,21597345246493E+017
947	0,37	2,21773626668899E+017
948	0,273	2,21903831118924E+017
949	0,493	2,22139210260574E+017
950	0,147	2,22209468260629E+017
951	0,482	2,22440080524008E+017
952	0,268	2,22568439600999E+017
953	0,343	2,22732892624986E+017
954	0,423	2,22935914850965E+017
955	0,34	2,23099271618725E+017
956	0,327	2,23256546906322E+017
957	0,27	2,23386543072695E+017
958	0,46	2,23608249449093E+017
959	0,373	2,23788212058656E+017
960	0,419	2,23990579247642E+017
961	0,46	2,2421297990288E+017
962	0,441	2,24426416311466E+017
963	0,504	2,24670597198271E+017
964	0,457	2,24892237165389E+017
965	0,502	2,25135954193433E+017
966	0,501	2,25379437782794E+017
967	0,501	2,2562317342556E+017
968	0,65	2,25939724328777E+017
969	0,684	2,26273177400055E+017
970	0,633	2,2658208620502E+017
971	0,712	2,2692990581729E+017
972	0,686	2,27265369278602E+017
973	0,605	2,27561526998631E+017
974	0,574	2,27842798474738E+017
975	0,588	2,28131226053909E+017
976	0,57	2,28411110984737E+017
977	0,637	2,28724215145681E+017
978	0,613	2,29025831004217E+017
979	0,636	2,29339083579841E+017
980	0,603	2,29636385853755E+017
981	0,711	2,29987294000665E+017
982	0,69	2,30328184911347E+017
983	0,667	2,3065804835978E+017
984	0,735	2,31021910844272E+017
985	0,686	2,31361860956815E+017
986	0,749	2,3173340780001E+017
987	0,737	2,32099372741947E+017
988	0,733	2,32463720215426E+017
989	0,747	2,32835402392685E+017
990	0,73	2,33198993202848E+017
991	0,751	2,3357342130323E+017
992	0,749	2,33947229080562E+017
993	0,735	2,34314419575583E+017
994	0,752	2,34690481243643E+017
995	0,75	2,35065920073149E+017
996	0,747	2,35440232963492E+017
997	0,738	2,35810407348226E+017
998	0,737	2,361804509268E+017
999	0,736	2,36550362693016E+017
1000	0,733	2,36919135439452E+017
1001	0,742	2,37292809392022E+017
1002	0,726	2,37658790936279E+017
1003	0,732	2,38028165391043E+017
1004	0,721	2,38392351872328E+017
1005	0,68	2,38736170828555E+017
1006	0,711	2,3909602158879E+017
1007	0,725	2,39463322765945E+017
1008	0,725	2,39830988691041E+017
1009	0,718	2,40195465964478E+017
1010	0,717	2,40559796332536E+017
1011	0,721	2,40926521962594E+017
1012	0,717	2,41291573776926E+017
1013	0,716	2,41656476673477E+017
1014	0,719	2,42023270222117E+017
1015	0,706	2,42383787087559E+017
1016	0,709	2,42746192592687E+017
1017	0,701	2,43104861569592E+017
1018	0,712	2,43469516940644E+017
1019	0,687	2,43821714031314E+017
1020	0,697	2,44179388378314E+017
1021	0,7	2,44538954383605E+017
1022	0,688	2,44892702533452E+017
1023	0,693	2,45249370176134E+017
1024	0,689	2,45604325767443E+017
1025	0,696	2,45963237741942E+017
1026	0,694	2,46321467512015E+017
1027	0,691	2,46678496380934E+017
1028	0,692	2,470363900798E+017
1029	0,684	2,47390490400074E+017
1030	0,689	2,47747525809301E+017
1031	0,685	2,48102833067936E+017
1032	0,686	2,48459004150317E+017
1033	0,674	2,48809283924566E+017
1034	0,678	2,49161983612744E+017
1035	0,68	2,49516065821396E+017
1036	0,68	2,49870490138462E+017
1037	0,673	2,50221604556621E+017
1038	0,67	2,50571490906193E+017
1039	0,674	2,50923805219305E+017
1040	0,67	2,51274365723694E+017
1041	0,67	2,5162526330549E+017
1042	0,67	2,51976497964695E+017
1043	0,663	2,52324396563761E+017
1044	0,666	2,52674204429638E+017
1045	0,663	2,53022770140112E+017
1046	0,645	2,53362197028022E+017
1047	0,655	2,53707215879202E+017
1048	0,661	2,54055727757911E+017
1049	0,657	2,54402461175966E+017
1050	0,653	2,54747412108564E+017
1051	0,653	2,55092691565859E+017
1052	0,649	2,55436182500489E+017
1053	0,647	2,55778940417532E+017
1054	0,645	2,56120963304585E+017
1055	0,647	2,56464372233816E+017
1056	0,645	2,56807044120654E+017
1057	0,643	2,57148976952698E+017
1058	0,636	2,57487507315323E+017
1059	0,617	2,5781623476258E+017
1060	0,634	2,58154338495889E+017
1061	0,619	2,5848475434879E+017
1062	0,631	2,5882189313513E+017
1063	0,621	2,59154001418481E+017
1064	0,63	2,59491239818741E+017
1065	0,627	2,5982718776594E+017
1066	0,615	2,60157015494229E+017
1067	0,619	2,60489299862793E+017
1068	0,618	2,60821358339183E+017
1069	0,585	2,61135979851564E+017
1070	0,603	2,61460585395531E+017
1071	0,615	2,61791960158193E+017
1072	0,614	2,62123105003877E+017
1073	0,602	2,62448080829893E+017
1074	0,62	2,6278308546345E+017
1075	0,591	2,63102717857897E+017
1076	0,613	2,63434556982421E+017
1077	0,603	2,63761286114059E+017
1078	0,602	2,64087776272908E+017
1079	0,603	2,64415112143881E+017
1080	0,596	2,64738947943917E+017
1081	0,579	2,65053838112023E+017
1082	0,588	2,65373918769112E+017
1083	0,596	2,65698654113037E+017
1084	0,577	2,66013327444781E+017
1085	0,592	2,66336479027988E+017
1086	0,553	2,6663862012356E+017
1087	0,565	2,66947601878113E+017
1088	0,591	2,6727109959454E+017
1089	0,578	2,67587772248103E+017
1090	0,554	2,67891574581887E+017
1091	0,587	2,68213768764635E+017
1092	0,58	2,68532412566385E+017
1093	0,509	2,68812306049924E+017
1094	0,538	2,69108416981596E+017
1095	0,519	2,69394331573224E+017
1096	0,502	2,69671133503521E+017
1097	0,577	2,69989580592933E+017
1098	0,502	2,70266887636241E+017
1099	0,506	2,70546658866332E+017
1100	0,484	2,70814509630592E+017
1101	0,496	2,71089250860793E+017
1102	0,468	2,71348717956504E+017
1103	0,465	2,71606755743385E+017
1104	0,466	2,71865582895121E+017
1105	0,505	2,72146325612488E+017
1106	0,397	2,72367228034113E+017
1107	0,482	2,72635669438488E+017
1108	0,414	2,72866447725068E+017
1109	0,412	2,73096318418149E+017
1110	0,478	2,73363253539301E+017
1111	0,331	2,73548264260375E+017
1112	0,412	2,73778756785809E+017
1113	0,268	2,7392882364788E+017
1114	0,299	2,74096399417347E+017
1115	0,249	2,74236077754942E+017
1116	0,201	2,74348931271163E+017
1117	0,0794	2,74393551163559E+017
1118	0,217	2,74515606389919E+017
1119	0,113	2,74579221952632E+017
1120	0,142	2,74659235073496E+017
1121	0,185	2,74763570593305E+017
1122	0,0814	2,7480951917441E+017
1123	0,128	2,74881836868358E+017
1124	0,108	2,74942909257492E+017
1125	0,144	2,75024411556159E+017
1126	0,0514	2,75053529208249E+017
1127	0,157	2,75142547326914E+017
1128	0,0989	2,7519867282838E+017
1129	0,106	2,75258880890668E+017
1130	0,0704	2,75298903550319E+017
1131	0,295	2,75466760553027E+017
1132	0,233	2,75599456357268E+017
1133	0,153	2,75686668344747E+017
1134	0,0416	2,75710401814119E+017
1135	0,0154	2,75719195509664E+017
1136	0,128	2,75792350363026E+017
1137	0,287	2,75956521650671E+017
1138	0,203	2,76072744934771E+017
1139	0,298	2,76243508349698E+017
1140	0,255	2,76389759696749E+017
1141	0,193	2,76500548991171E+017
1142	0,224	2,76629246151772E+017
1143	0,311	2,76808084834574E+017
1144	0,113	2,76873121656507E+017
1145	0,146	2,76957224985323E+017
1146	0,157	2,77047743853105E+017
1147	0,059	2,77081790180621E+017
1148	0,27	2,77237731245404E+017
1149	0,218	2,77363748892161E+017
1150	0,121	2,7743375534191E+017
1151	0,203	2,77551306308518E+017
1152	0,247	2,7769446056822E+017
1153	0,237	2,77831938343751E+017
1154	0,142	2,77914380434355E+017
1155	0,312	2,78095677769834E+017
1156	0,28	2,78258521374972E+017
1157	0,314	2,7844129682004E+017
1158	0,311	2,78622482467184E+017
1159	0,336	2,78818401918764E+017
1160	0,286	2,78985310576823E+017
1161	0,347	2,79187993209891E+017
1162	0,349	2,79392019624685E+017
1163	0,467	2,79665264130575E+017
1164	0,401	2,79900093383259E+017
1165	0,388	2,80127504920564E+017
1166	0,374	2,80346899046562E+017
1167	0,409	2,80587030476565E+017
1168	0,418	2,8083265626832E+017
1169	0,422	2,81080844854577E+017
1170	0,457	2,81349847719232E+017
1171	0,447	2,81613189192733E+017
1172	0,454	2,81880882989603E+017
1173	0,455	2,82149395331164E+017
1174	0,336	2,82347850409814E+017
1175	0,451	2,82614456000067E+017
1176	0,475	2,82895488000284E+017
1177	0,471	2,83174390375623E+017
1178	0,359	2,83387152629393E+017
1179	0,482	2,83673053637305E+017
1180	0,439	2,83933669814807E+017
1181	0,454	2,84203419280766E+017
1182	0,322	2,84394901384974E+017
1183	0,437	2,84654989809937E+017
1184	0,419	2,84904576009686E+017
1185	0,406	2,85146622743708E+017
1186	0,476	2,8543064114914E+017
1187	0,454	2,85701761061158E+017
1188	0,334	2,85901387358026E+017
1189	0,415	2,86149634807054E+017
1190	0,461	2,86425630770175E+017
1191	0,445	2,8669227157747E+017
1192	0,472	2,86975328054538E+017
1193	0,453	2,87247218213589E+017
1194	0,468	2,87528346809123E+017
1195	0,446	2,8779648434073E+017
1196	0,43	2,88055218921954E+017
1197	0,476	2,88341871562176E+017
1198	0,433	2,88602846953513E+017
1199	0,364	2,88822418170926E+017
1200	0,447	2,89092281337622E+017
1201	0,436	2,89355722928144E+017
1202	0,436	2,89619383870532E+017
1203	0,433	2,89881448474688E+017
1204	0,361	2,90100118135809E+017
1205	0,436	2,90364437133794E+017
1206	0,48	2,90655672014363E+017
1207	0,429	2,90916179019033E+017
1208	0,432	2,91178725090471E+017
1209	0,413	2,91429931777282E+017
1210	0,452	2,91705087562385E+017
1211	0,421	2,91961583849E+017
1212	0,424	2,92220121214785E+017
1213	0,468	2,92505723380935E+017
1214	0,433	2,92770184253291E+017
1215	0,427	2,93031195364771E+017
1216	0,465	2,93315668573155E+017
1217	0,454	2,93593640715468E+017
1218	0,458	2,93874292371625E+017
1219	0,445	2,94147201812509E+017
1220	0,457	2,94427700526081E+017
1221	0,464	2,94712729157536E+017
1222	0,45	2,94989384182455E+017
1223	0,443	2,95261958558333E+017
1224	0,447	2,95537218988364E+017
1225	0,461	2,95821332479811E+017
1226	0,467	2,9610937870872E+017
1227	0,432	2,96376054229958E+017
1228	0,465	2,96663334739739E+017
1229	0,466	2,96951467501953E+017
1230	0,459	2,97235503012806E+017
1231	0,471	2,97527201249036E+017
1232	0,465	2,97815417525951E+017
1233	0,453	2,98096423868037E+017
1234	0,469	2,98387591333124E+017
1235	0,464	2,98675888106136E+017
1236	0,468	2,98966905647242E+017
1237	0,462	2,99254424626713E+017
1238	0,467	2,99545290231435E+017
1239	0,461	2,99832650734213E+017
1240	0,459	3,00118995476862E+017
1241	0,461	3,00406819838402E+017
1242	0,461	3,00694876129323E+017
1243	0,456	3,0098003757934E+017
1244	0,454	3,01264176728919E+017
1245	0,455	3,01549170646432E+017
1246	0,458	3,018362740648E+017
1247	0,456	3,02122353170327E+017
1248	0,457	3,02409289559292E+017
1249	0,458	3,02697084237897E+017
1250	0,456	3,02983851585057E+017
1251	0,451	3,03267701451786E+017
1252	0,45	3,03551148334927E+017
1253	0,446	3,03832300073089E+017
1254	0,442	3,04111152641468E+017
1255	0,449	3,04394647319166E+017
1256	0,439	3,04672048945389E+017
1257	0,434	3,04946509445451E+017
1258	0,444	3,05227517296839E+017
1259	0,426	3,05497347258895E+017
1260	0,43	3,0576992716888E+017
1261	0,41	3,06030035214767E+017
1262	0,395	3,06280825837374E+017
1263	0,399	3,06534356848999E+017
1264	0,37	3,06769646941841E+017
1265	0,395	3,0702103373867E+017
1266	0,384	3,07265613081158E+017
1267	0,387	3,07512297899694E+017
1268	0,369	3,07747694649865E+017
1269	0,246	3,07904749579396E+017
1270	0,386	3,08151379559966E+017
1271	0,407	3,08411631995728E+017
1272	0,408	3,08672729137412E+017
1273	0,405	3,08932110202919E+017
1274	0,405	3,09191695024172E+017
1275	0,411	3,09455332320832E+017
1276	0,416	3,09722386173727E+017
1277	0,419	3,09991576694909E+017
1278	0,426	3,10265478753295E+017
1279	0,423	3,10537664735503E+017
1280	0,421	3,1080877559171E+017
1281	0,412	3,11074298006351E+017
1282	0,372	3,11314228699212E+017
1283	0,406	3,11576292800266E+017
1284	0,42	3,11847604896717E+017
1285	0,423	3,12121067748271E+017
1286	0,426	3,12396684373532E+017
1287	0,421	3,12669277867234E+017
1288	0,419	3,12940787179123E+017
1289	0,408	3,13205373826632E+017
1290	0,412	3,13472761738332E+017
1291	0,417	3,13743604441914E+017
1292	0,395	3,14000356806738E+017
1293	0,411	3,14267716041703E+017
1294	0,403	3,14530073953514E+017
1295	0,404	3,14793286130158E+017
1296	0,388	3,1504626926522E+017
1297	0,37	3,15287702216499E+017
1298	0,391	3,15543034831404E+017
1299	0,407	3,15809020601707E+017
1300	0,352	3,1603923944041E+017
1301	0,361	3,16275526175558E+017
1302	0,391	3,16531645639817E+017
1303	0,345	3,16757806972107E+017
1304	0,3	3,16954619930369E+017
1305	0,383	3,17206077161283E+017
1306	0,383	3,17457727079731E+017
1307	0,305	3,17658280591021E+017
1308	0,346	3,17885967827459E+017
1309	0,383	3,18138195808506E+017
1310	0,3	3,18335914347864E+017
1311	0,333	3,18555549459054E+017
1312	0,332	3,18774692034748E+017
1313	0,313	3,18981450788951E+017
1314	0,288	3,19171840158636E+017
1315	0,285	3,19360389689394E+017
1316	0,323	3,19574241659083E+017
1317	0,311	3,19780305128244E+017
1318	0,332	3,20000449880351E+017
1319	0,268	3,20178291920847E+017
1320	0,258	3,20349627864266E+017
1321	0,298	3,20547677443825E+017
1322	0,301	3,2074787224438E+017
1323	0,232	3,20902291932921E+017
1324	0,262	3,21076811496994E+017
1325	0,321	3,2129079276354E+017
1326	0,28	3,2147758395767E+017
1327	0,266	3,21655169416854E+017
1328	0,234	3,21811508937319E+017
1329	0,177	3,21929854802889E+017
1330	0,229	3,22083084155388E+017
1331	0,144	3,22179510430522E+017
1332	0,145	3,22276679282154E+017
1333	0,203	3,22412817803864E+017
1334	0,169	3,22526239823772E+017
1335	0,231	3,22681388505095E+017
1336	0,183	3,22804390566802E+017
1337	0,164	3,22914704431148E+017
1338	0,178	3,23034524884602E+017
1339	0,176	3,23153087586534E+017
1340	0,168	3,23266345595644E+017
1341	0,17	3,2338103744149E+017
1342	0,178	3,23501216102579E+017
1343	0,127	3,23587025445559E+017
1344	0,0754	3,23638008453839E+017
1345	0,109	3,2371176551863E+017
1346	0,058	3,23751041576977E+017
1347	0,0599	3,23791634400549E+017
1348	0,0047	3,23794821844768E+017
1349	0,0161	3,23805748636586E+017
1350	0,016	3,23816615609741E+017
1351	0,0046	3,23819742178786E+017
1352	0,0015	3,23820762466821E+017
1353	0,0001	3,23820830536334E+017
1354	0,0003	3,23821034895801E+017
1355	0	3,23821034895801E+017
1356	0	3,23821034895801E+017
1357	0,0001	3,23821103166554E+017
1358	0	3,23821103166554E+017
1359	0	3,23821103166554E+017
1360	0	3,23821103166554E+017
1361	0	3,23821103166554E+017
1362	0	3,23821103166554E+017
1363	0	3,23821103166554E+017
1364	0	3,23821103166554E+017
1365	0	3,23821103166554E+017
1366	0	3,23821103166554E+017
1367	0	3,23821103166554E+017
1368	0	3,23821103166554E+017
1369	0	3,23821103166554E+017
1370	0	3,23821103166554E+017
1371	0	3,23821103166554E+017
1372	0	3,23821103166554E+017
1373	0	3,23821103166554E+017
1374	0,0002	3,23821241418601E+017
1375	0,0003	3,23821448947602E+017
1376	0,0003	3,23821656627534E+017
1377	0,0001	3,23821725904488E+017
1378	0,0011	3,23822488504391E+017
1379	0,0001	3,23822557881965E+017
1380	0,0001	3,23822627309849E+017
1381	0	3,23822627309849E+017
1382	0	3,23822627309849E+017
1383	0	3,23822627309849E+017
1384	0	3,23822627309849E+017
1385	0	3,23822627309849E+017
1386	0	3,23822627309849E+017
1387	0,0002	3,23822766869958E+017
1388	0	3,23822766869958E+017
1389	0,0006	3,23823186154006E+017
1390	0,0005	3,23823535808929E+017
1391	0,0003	3,23823745752813E+017
1392	0	3,23823745752813E+017
1393	0,0001	3,23823815834728E+017
1394	0,0001	3,23823885966953E+017
1395	0	3,23823885966953E+017
1396	0	3,23823885966953E+017
1397	0	3,23823885966953E+017
1398	0,0013	3,23824800302E+017
1399	0,0008	3,23825363372201E+017
1400	0	3,23825363372201E+017
1401	0	3,23825363372201E+017
1402	0,0018	3,23826632996898E+017
1403	0,0024	3,23828327037269E+017
1404	0,0007	3,23828821484548E+017
1405	0	3,23828821484548E+017
1406	0,002	3,2383023620346E+017
1407	0,0002	3,23830377775972E+017
1408	0,0016	3,23831511161024E+017
1409	0,0006	3,23831936482279E+017
1410	0,0005	3,23832291168208E+017
1411	0,0021	3,23833781905623E+017
1412	0,0026	3,23835628888579E+017
1413	0,0233	3,2385219241962E+017
1414	0,0004	3,23852476973325E+017
1415	0,0002	3,23852619350797E+017
1416	0,0355	3,23877909212213E+017
1417	0,0117	3,23886250066901E+017
1418	0,0135	3,2389588092186E+017
1419	0,0021	3,23897380111365E+017
1420	0,0082	3,23903238214857E+017
1421	0,0091	3,23909743859142E+017
1422	0,0462	3,23942795757995E+017
1423	0,0092	3,23949382149928E+017
1424	0,0169	3,23961489567946E+017
1425	0,0258	3,23979986061838E+017
1426	0,0277	3,23999858636515E+017
1427	0,0494	3,2403532411023E+017
1428	0,0045	3,24038557034744E+017
1429	0,0379	3,24065804510939E+017
1430	0,0614	3,24109977750615E+017
1431	0,05	3,24145974599193E+017
1432	0,0025	3,24147775699374E+017
1433	0,0357	3,24173513370642E+017
1434	0,0209	3,24188591597755E+017
1435	0,0214	3,24204041314359E+017
1436	0,0382	3,24231638998889E+017
1437	0,0298	3,2425318307503E+017
1438	0,0132	3,24262732729551E+017
1439	0,0509	3,24299582383971E+017
1440	0,0395	3,24328198746614E+017
1441	0,0317	3,24351180231505E+017
1442	0,0362	3,24377442284538E+017
1443	0,0449	3,24410038525169E+017
1444	0,0616	3,24454789525585E+017
1445	0,0496	3,24490847752437E+017
1446	0,023	3,24507579872493E+017
1447	0,0361	3,24533860188078E+017
1448	0,115	3,24617636501497E+017
1449	0,102	3,24691993765314E+017
1450	0,0273	3,24711909002923E+017
1451	0,0112	3,24720084991541E+017
1452	0,0622	3,24765522221188E+017
1453	0,0817	3,24825245344798E+017
1454	0,137	3,24925461979921E+017
1455	0,066	3,24973774731408E+017
1456	0,0883	3,25038455760591E+017
1457	0,117	3,25124218818316E+017
1458	0,136	3,25223977631884E+017
1459	0,163	3,25343623509427E+017
1460	0,0852	3,25406205200388E+017
1461	0,09	3,25472357899473E+017
1462	0,13	3,2556797720123E+017
1463	0,0431	3,25599700361064E+017
1464	0,151	3,25710917794103E+017
1465	0,0931	3,25779536440823E+017
1466	0,065	3,2582747689786E+017
1467	0,0359	3,25853972842366E+017
1468	0,0767	3,25910619757303E+017
1469	0,0946	3,25980534340881E+017
1470	0,0495	3,26017142456699E+017
1471	0,0178	3,26030315542426E+017
1472	0,0466	3,26064825829325E+017
1473	0,07	3,26116700533124E+017
1474	0,0971	3,26188707009035E+017
1475	0,184	3,26325248514332E+017
1476	0,0686	3,26376189262161E+017
1477	0,0695	3,26427833294331E+017
1478	0,0633	3,26474902079253E+017
1479	0,12	3,26564192375348E+017
1480	0,0605	3,26609240003882E+017
1481	0,115	3,26694925584113E+017
1482	0,0583	3,26738393778596E+017
1483	0,148	3,26848816312674E+017
1484	0,137	3,26951100691299E+017
1485	0,125	3,27044488741855E+017
1486	0,123	3,27136444464976E+017
1487	0,0605	3,27181705156619E+017
1488	0,0939	3,27251999983638E+017
1489	0,189	3,27393583060138E+017
1490	0,174	3,27524016924041E+017
1491	0,197	3,27671791156637E+017
1492	0,164	3,27794893838465E+017
1493	0,181	3,27930848225351E+017
1494	0,203	3,28083429584266E+017
1495	0,182	3,28220318228984E+017
1496	0,168	3,28346761498856E+017
1497	0,228	3,28518477786336E+017
1498	0,189	3,28660916636972E+017
1499	0,217	3,28824566712387E+017
1500	0,25	3,29013229440782E+017
1501	0,265	3,29213345254542E+017
1502	0,233	3,2938941336229E+017
1503	0,184	3,29528546841925E+017
1504	0,16	3,29649612972488E+017
1505	0,184	3,29788931593147E+017
1506	0,257	3,29983652659076E+017
1507	0,254	3,30176228504009E+017
1508	0,242	3,30359828027874E+017
1509	0,186	3,3050103528822E+017
1510	0,27	3,30706149406531E+017
1511	0,264	3,30906838251885E+017
1512	0,26	3,31104617163316E+017
1513	0,242	3,31288825438919E+017
1514	0,225	3,31460206661393E+017
1515	0,265	3,31662188978413E+017
1516	0,256	3,31857440312384E+017
1517	0,249	3,32047478014743E+017
1518	0,251	3,32239168402604E+017
1519	0,244	3,32425635599941E+017
1520	0,264	3,32627519812342E+017
1521	0,274	3,32837189003568E+017
1522	0,263	3,33038573133963E+017
1523	0,279	3,3325234913546E+017
1524	0,275	3,33463198600715E+017
1525	0,258	3,33661143535347E+017
1526	0,267	3,33866127853701E+017
1527	0,261	3,34066637092137E+017
1528	0,279	3,34281114918984E+017
1529	0,272	3,34490348425082E+017
1530	0,255	3,34686633127705E+017
1531	0,269	3,34893829579437E+017
1532	0,278	3,3510809811643E+017
1533	0,276	3,35320964008926E+017
1534	0,268	3,35527794706515E+017
1535	0,266	3,35733215716198E+017
1536	0,274	3,35944952650926E+017
1537	0,273	3,36156054169586E+017
1538	0,271	3,36365745497238E+017
1539	0,272	3,36576347436993E+017
1540	0,264	3,3678088802061E+017
1541	0,268	3,36988662534941E+017
1542	0,269	3,37197347661376E+017
1543	0,271	3,37407720690353E+017
1544	0,271	3,37618230059596E+017
1545	0,276	3,37832762221309E+017
1546	0,274	3,38045877651706E+017
1547	0,272	3,38257574338386E+017
1548	0,266	3,38464735069975E+017
1549	0,273	3,3867748474623E+017
1550	0,269	3,38887252545175E+017
1551	0,27	3,39097935987228E+017
1552	0,271	3,39309536078591E+017
1553	0,271	3,39521272510219E+017
1554	0,264	3,39727672553687E+017
1555	0,267	3,39936552380057E+017
1556	0,262	3,40141652411551E+017
1557	0,27	3,40353150876591E+017
1558	0,268	3,40563217517298E+017
1559	0,267	3,40772634655118E+017
1560	0,265	3,40980616446901E+017
1561	0,269	3,41191872920548E+017
1562	0,267	3,41401693041956E+017
1563	0,266	3,41610861144975E+017
1564	0,262	3,41817015675346E+017
1565	0,267	3,42027238780342E+017
1566	0,262	3,42233656935432E+017
1567	0,262	3,42440206902881E+017
1568	0,257	3,42642944373915E+017
1569	0,254	3,42843443047239E+017
1570	0,241	3,43033801224687E+017
1571	0,234	3,43218748051983E+017
1572	0,237	3,43406185227295E+017
1573	0,233	3,43590576128418E+017
1574	0,241	3,43781419294853E+017
1575	0,239	3,43970798941616E+017
1576	0,246	3,44165849035344E+017
1577	0,215	3,44336427812346E+017
1578	0,235	3,44522992611202E+017
1579	0,236	3,44710470034562E+017
1580	0,244	3,44904425381364E+017
1581	0,248	3,45101685092967E+017
1582	0,241	3,45293498237376E+017
1583	0,247	3,45490211078616E+017
1584	0,248	3,45687845097072E+017
1585	0,258	3,45893578029132E+017
1586	0,255	3,46097047008452E+017
1587	0,252	3,46298249016427E+017
1588	0,25	3,46497979958222E+017
1589	0,232	3,46683446991548E+017
1590	0,241	3,46876230113931E+017
1591	0,241	3,47069134483561E+017
1592	0,252	3,47270970398304E+017
1593	0,258	3,47477741730021E+017
1594	0,256	3,47683038976954E+017
1595	0,258	3,47890069908586E+017
1596	0,244	3,48085989360166E+017
1597	0,246	3,4828363847164E+017
1598	0,254	3,4848784298405E+017
1599	0,241	3,48681717331654E+017
1600	0,237	3,48872493082607E+017
1601	0,223	3,49052111571353E+017
1602	0,224	3,49232648218711E+017
1603	0,223	3,49412491090329E+017
1604	0,228	3,49596481020267E+017
1605	0,236	3,49787045468964E+017
1606	0,241	3,49981768547296E+017
1607	0,232	3,50169336528766E+017
1608	0,229	3,50354594272239E+017
1609	0,227	3,50538348247991E+017
1610	0,217	3,50714116507776E+017
1611	0,226	3,50897288396124E+017
1612	0,23	3,51083817977937E+017
1613	0,237	3,51276143781867E+017
1614	0,238	3,51469400825024E+017
1615	0,24	3,51664402621093E+017
1616	0,23	3,51851395055466E+017
1617	0,234	3,52041757257718E+017
1618	0,243	3,52239563336582E+017
1619	0,24	3,52435048109236E+017
1620	0,234	3,52625763488116E+017
1621	0,234	3,52816596592539E+017
1622	0,237	3,53009995510068E+017
1623	0,242	3,53207596323883E+017
1624	0,242	3,53405318888046E+017
1625	0,237	3,53599075510108E+017
1626	0,239	3,53794587450195E+017
1627	0,24	3,53991038176018E+017
1628	0,241	3,54188428693779E+017
1629	0,241	3,54385940458787E+017
1630	0,236	3,54579473201077E+017
1631	0,237	3,54773945232205E+017
1632	0,238	3,54969357558371E+017
1633	0,232	3,55159960242715E+017
1634	0,232	3,553506796464E+017
1635	0,233	3,55542338338922E+017
1636	0,235	3,55735760399079E+017
1637	0,226	3,55921888506605E+017
1638	0,219	3,56102361763286E+017
1639	0,22	3,56283769780899E+017
1640	0,215	3,56461163055651E+017
1641	0,219	3,56641966849432E+017
1642	0,22	3,56823706913447E+017
1643	0,215	3,57001424688092E+017
1644	0,223	3,57185867408578E+017
1645	0,218	3,57366284317991E+017
1646	0,217	3,57545982799734E+017
1647	0,227	3,5773407652134E+017
1648	0,216	3,57913164238944E+017
1649	0,218	3,58094019852087E+017
1650	0,225	3,58280795953199E+017
1651	0,208	3,58453564727153E+017
1652	0,223	3,58638904979125E+017
1653	0,222	3,58823525797227E+017
1654	0,215	3,59002433404813E+017
1655	0,222	3,59187277599585E+017
1656	0,22	3,59370567213476E+017
1657	0,222	3,59555634784919E+017
1658	0,224	3,59742482326316E+017
1659	0,221	3,59926938630519E+017
1660	0,223	3,60113176413978E+017
1661	0,223	3,60299526388874E+017
1662	0,218	3,60481807789144E+017
1663	0,222	3,60667545490598E+017
1664	0,22	3,6085172056156E+017
1665	0,211	3,6102846735203E+017
1666	0,178	3,61177660831443E+017
1667	0,21	3,61353781261655E+017
1668	0,214	3,61533364030258E+017
1669	0,215	3,61713894137307E+017
1670	0,221	3,61899573479091E+017
1671	0,218	3,62082841962756E+017
1672	0,211	3,62260331832825E+017
1673	0,216	3,62442136293717E+017
1674	0,215	3,62623207233922E+017
1675	0,213	3,62802700953717E+017
1676	0,211	3,629806154407E+017
1677	0,212	3,63159479781633E+017
1678	0,209	3,6333591817143E+017
1679	0,212	3,63514995827021E+017
1680	0,205	3,63688263676779E+017
1681	0,194	3,638523318288E+017
1682	0,203	3,64024113519359E+017
1683	0,209	3,64201077649292E+017
1684	0,197	3,64367980270144E+017
1685	0,213	3,64548545594236E+017
1686	0,21	3,64726673395878E+017
1687	0,204	3,64899814464283E+017
1688	0,21	3,6507815356818E+017
1689	0,207	3,65254049112419E+017
1690	0,205	3,65428348318426E+017
1691	0,193	3,65592541742498E+017
1692	0,207	3,65768749712216E+017
1693	0,211	3,65948468821084E+017
1694	0,204	3,66122328317158E+017
1695	0,209	3,66300554223418E+017
1696	0,209	3,66478885277706E+017
1697	0,181	3,66633416151481E+017
1698	0,207	3,66810248972155E+017
1699	0,205	3,66985476398785E+017
1700	0,199	3,67240774802849E+017
1702	0,203	3,67675335500428E+017
1705	0,197	3,68351271292716E+017
1710	0,187	3,69155653701502E+017
1715	0,189	3,6997101628108E+017
1720	0,186	3,70775776015322E+017
1725	0,178	3,71548161225371E+017
1730	0,174	3,72305377952058E+017
1735	0,161	3,73008045995208E+017
1740	0,168	3,73743377845401E+017
1745	0,154	3,74419368978755E+017
1750	0,165	3,75145720483077E+017
1755	0,153	3,75821170783277E+017
1760	0,16	3,76529536440824E+017
1765	0,133	3,77120038203186E+017
1770	0,141	3,77747832298193E+017
1775	0,115	3,78261309357308E+017
1780	0,1	3,78709068899366E+017
1785	0,0768	3,79053914180836E+017
1790	0,0886	3,79452857870797E+017
1795	0,0468	3,79664175219618E+017
1800	0,0317	3,79807709823381E+017
1805	0,0148	3,79874908971732E+017
1810	0,0097	3,79919073658698E+017
1815	0,0033	3,79934140264188E+017
1820	0,001	3,7993871847973E+017
1825	0,0013	3,79944686510705E+017
1830	0	3,79944686510705E+017
1835	0	3,79944686510705E+017
1840	0	3,79944686510705E+017
1845	0	3,79944686510705E+017
1850	0	3,79944686510705E+017
1855	0	3,79944686510705E+017
1860	0	3,79944686510705E+017
1865	0	3,79944686510705E+017
1870	0	3,79944686510705E+017
1875	0	3,79944686510705E+017
1880	0,0001	3,79945159425277E+017
1885	0	3,79945159425277E+017
1890	0,0002	3,79946110285429E+017
1895	0,0001	3,79946586973256E+017
1900	0	3,79946586973256E+017
1905	0	3,79946586973256E+017
1910	0	3,79946586973256E+017
1915	0	3,79946586973256E+017
1920	0,0004	3,79948518879594E+017
1925	0,0009	3,7995287698862E+017
1930	0,0006	3,79955789941147E+017
1935	0,0036	3,7997331293536E+017
1940	0,0033	3,79989417185856E+017
1945	0,0108	3,80042257842825E+017
1950	0,0167	3,80124175199494E+017
1955	0,01	3,80173353284029E+017
1960	0,0218	3,80280835698147E+017
1965	0,0285	3,8042171015744E+017
1970	0,0487	3,806630450041E+017
1975	0,0677	3,80999386627525E+017
1980	0,0753	3,81374433038556E+017
1985	0,0828	3,8178787608807E+017
1990	0,0854	3,82215375768601E+017
1995	0,081	3,82621868483201E+017
2000	0,038	3,82813046714642E+017
2005	0,015	3,82888700468728E+017
2010	0,0396	3,83088924449119E+017
2015	0,0266	3,83223752896843E+017
2020	0,0449	3,83451903992042E+017
2025	0,0738	3,83827833344642E+017
2030	0,0846	3,84259840806631E+017
2035	0,0961	3,84751781386424E+017
2040	0,0895	3,85211061932429E+017
2045	0,0908	3,85678155630893E+017
2050	0,0677	3,8602726972103E+017
2055	0,0547	3,86310033645094E+017
2060	0,069	3,86667587247949E+017
2065	0,0617	3,86988088748698E+017
2070	0,0655	3,8732915322909E+017
2075	0,0772	3,87732111661912E+017
2080	0,0866	3,8818522419445E+017
2085	0,0849	3,88630509739263E+017
2090	0,0888	3,8909736698044E+017
2095	0,0895	3,89569030090185E+017
2100	0,0859	3,90022801684521E+017
2105	0,0929	3,90514719624787E+017
2110	0,0894	3,90989229026228E+017
2115	0,0914	3,91475503435412E+017
2120	0,0873	3,91941062677018E+017
2125	0,0884	3,92413599924071E+017
2130	0,0895	3,92893142847106E+017
2135	0,0898	3,93375422637454E+017
2140	0,0905	3,93862600112231E+017
2145	0,0892	3,94343901371894E+017
2150	0,0844	3,94800364554489E+017
2155	0,0846	3,95258973461181E+017
2160	0,0839	3,95714842985056E+017
2165	0,0761	3,96129288462534E+017
2170	0,0818	3,96575805346087E+017
2175	0,0802	3,97014597119789E+017
2180	0,0816	3,97462074925505E+017
2185	0,0743	3,97870455525141E+017
2190	0,0788	3,98304560916669E+017
2195	0,0788	3,98739657416397E+017
2200	0,071	3,99132578992068E+017
2205	0,0738	3,99541924287121E+017
2210	0,0791	3,99981661889967E+017
2215	0,0761	4,00405678856532E+017
2220	0,0775	4,00838471155471E+017
2225	0,0752	4,01259365125005E+017
2230	0,0756	4,016834487524E+017
2235	0,0741	4,02100050015988E+017
2240	0,0729	4,02510821601268E+017
2245	0,0706	4,02909521287434E+017
2250	0,0717	4,03315334816212E+017
2255	0,0675	4,0369822582349E+017
2260	0,0667	4,04077417783539E+017
2265	0,0679	4,04464285801132E+017
2270	0,0647	4,04833735217887E+017
2275	0,0638	4,05198847907393E+017
2280	0,0661	4,05577954340339E+017
2285	0,0629	4,05939498788775E+017
2290	0,063	4,06302410413115E+017
2295	0,0611	4,06655145569887E+017
2300	0,0587	4,06994763636028E+017
2305	0,059	4,07336859472669E+017
2310	0,0637	4,07707008199271E+017
2315	0,058	4,0804476479316E+017
2320	0,0519	4,08347651483834E+017
2325	0,0561	4,08675754834786E+017
2330	0,0567	4,090080804576E+017
2335	0,0578	4,09347580295098E+017
2340	0,0457	4,09616583159753E+017
2345	0,0513	4,09919194402844E+017
2350	0,0414	4,10163927694118E+017
2355	0,0473	4,10444133351585E+017
2360	0,0501	4,10741556369645E+017
2365	0,0493	4,11034850189457E+017
2370	0,0307	4,11217875675528E+017
2375	0,044	4,11480745743758E+017
2380	0,0424	4,11734590187062E+017
2385	0,0307	4,11918774062285E+017
2390	0,037	4,12141219996578E+017
2395	0,0405	4,12385217503212E+017
2400	0,044	4,12650854624792E+017
2405	0,0335	4,12853522416392E+017
2410	0,0337	4,13057824027219E+017
2415	0,0272	4,13223062391257E+017
2420	0,0265	4,1338438160155E+017
2425	0,033	4,13585684732747E+017
2430	0,045	4,13860754990747E+017
2435	0,0148	4,13951408689493E+017
2440	0,0431	4,14215949051745E+017
2445	0,0207	4,14343262434121E+017
2450	0,0136	4,14427078995589E+017
2455	0,0248	4,14580232882997E+017
2460	0,0333	4,1478629786146E+017
2465	0,0241	4,14935735093118E+017
2470	0,0167	4,15039497078232E+017
2475	0,0164	4,1514160134684E+017
2480	0,008	4,15191508927258E+017
2485	0,0056	4,15226514667636E+017
2490	0,0035	4,15248437276675E+017
2495	0,0029	4,15266638198959E+017
2500	0,007	4,15310659502252E+017
2505	0,0015	4,15320111504944E+017
2510	0,0022	4,1533400211276E+017
2515	0,0005	4,1533716535784E+017
2520	0,0004	4,15339700984909E+017
2525	0	4,15339700984909E+017
2530	0	4,15339700984909E+017
2535	0	4,15339700984909E+017
2540	0	4,15339700984909E+017
2545	0	4,15339700984909E+017
2550	0	4,15339700984909E+017
2555	0	4,15339700984909E+017
2560	0	4,15339700984909E+017
2565	0	4,15339700984909E+017
2570	0	4,15339700984909E+017
2575	0	4,15339700984909E+017
2580	0	4,15339700984909E+017
2585	0	4,15339700984909E+017
2590	0	4,15339700984909E+017
2595	0	4,15339700984909E+017
2600	0	4,15339700984909E+017
2605	0	4,15339700984909E+017
2610	0	4,15339700984909E+017
2615	0	4,15339700984909E+017
2620	0	4,15339700984909E+017
2625	0	4,15339700984909E+017
2630	0	4,15339700984909E+017
2635	0	4,15339700984909E+017
2640	0	4,15339700984909E+017
2645	0	4,15339700984909E+017
2650	0	4,15339700984909E+017
2655	0	4,15339700984909E+017
2660	0	4,15339700984909E+017
2665	0	4,15339700984909E+017
2670	0	4,15339700984909E+017
2675	0	4,15339700984909E+017
2680	0	4,15339700984909E+017
2685	0	4,15339700984909E+017
2690	0	4,15339700984909E+017
2695	0	4,15339700984909E+017
2700	0	4,15339700984909E+017
2705	0	4,15339700984909E+017
2710	0	4,15339700984909E+017
2715	0	4,15339700984909E+017
2720	0	4,15339700984909E+017
2725	0	4,15339700984909E+017
2730	0	4,15339700984909E+017
2735	0	4,15339700984909E+017
2740	0	4,15339700984909E+017
2745	0	4,15339700984909E+017
2750	0	4,15339700984909E+017
2755	0	4,15339700984909E+017
2760	0	4,15339700984909E+017
2765	0	4,15339700984909E+017
2770	0	4,15339700984909E+017
2775	0	4,15339700984909E+017
2780	0	4,15339700984909E+017
2785	0	4,15339700984909E+017
2790	0	4,15339700984909E+017
2795	0	4,15339700984909E+017
2800	0	4,15339700984909E+017
2805	0	4,15339700984909E+017
2810	0	4,15339700984909E+017
2815	0	4,15339700984909E+017
2820	0	4,15339700984909E+017
2825	0	4,15339700984909E+017
2830	0	4,15339700984909E+017
2835	0	4,15339700984909E+017
2840	0	4,15339700984909E+017
2845	0	4,15339700984909E+017
2850	0	4,15339700984909E+017
2855	0	4,15339700984909E+017
2860	0	4,15339700984909E+017
2865	0,0002	4,15341142368154E+017
2870	0	4,15341142368154E+017
2875	0,0004	4,15344035196656E+017
2880	0,0002	4,1534548412641E+017
2885	0,0005	4,15349112739553E+017
2890	0,0002	4,15350566700313E+017
2895	0,0027	4,15370229129867E+017
2900	0,0008	4,15376065096932E+017
2905	0,0001	4,15376795850566E+017
2910	0,0027	4,15396560157993E+017
2915	0,0013	4,15406092656783E+017
2920	0,0029	4,1542739393657E+017
2925	0,0011	4,15435487567618E+017
2930	0,0059	4,15478973068762E+017
2935	0,0065	4,15526962578108E+017
2940	0,0016	4,15538795504433E+017
2945	0,0014	4,15549166923489E+017
2950	0,0052	4,15587754740203E+017
2955	0,0023	4,1560485135665E+017
2960	0,0046	4,15639102446115E+017
2965	0,0074	4,15694295098431E+017
2970	0,0004	4,15697283516049E+017
2975	0,0009	4,15704018775452E+017
2980	0,0013	4,1571376383425E+017
2985	0,0069	4,15765574392722E+017
2990	0,0103	4,15843044340007E+017
2995	0,0043	4,15875440245975E+017
3000	0,0078	4,15934303017234E+017
3005	0,0029	4,15956224368522E+017
3010	0,0068	4,16007711684853E+017
3015	0,0055	4,16049425014101E+017
3020	0,0006	4,16053983105619E+017
3025	0,0075	4,16111053580959E+017
3030	0,0061	4,16157547623744E+017
3035	0,0025	4,161766340031E+017
3040	0,002	4,16191928261616E+017
3045	0,0042	4,16224099030062E+017
3050	0,001	4,1623177131435E+017
3055	0,0003	4,16234076772891E+017
3060	0,0063	4,16282570640597E+017
3065	0,0029	4,16304929689415E+017
3070	0,0017	4,16318058099808E+017
3075	0,006	4,16364469130994E+017
3080	0,0036	4,1639236102876E+017
3085	0,0018	4,1640632961717E+017
3090	0,0024	4,16424984587754E+017
3095	0,0007	4,16430434425101E+017
3100	0,0044	4,16464745886639E+017
3105	0,0009	4,16471775459899E+017
3110	0,0008	4,16478034031475E+017
3115	0,0023	4,16496056353043E+017
3120	0,0098	4,16572970374155E+017
3125	0,003	4,16596553215205E+017
3130	0,0057	4,16641432305035E+017
3135	0,0114	4,1673133386837E+017
3140	0,0033	4,16757399510925E+017
3145	0,0032	4,16782715533573E+017
3150	0,0067	4,16835805225343E+017
3155	0,0056	4,16880249133147E+017
3160	0,0092	4,16953379837679E+017
3165	0,014	4,17064841777615E+017
3170	0,0125	4,17164518585784E+017
3175	0,0092	4,17237996429736E+017
3180	0,0106	4,17322789006386E+017
3185	0,0081	4,17387685211699E+017
3190	0,0042	4,174213879215E+017
3195	0,0027	4,1744308790852E+017
3200	0,0004	4,17446307752418E+017
3205	0,0003	4,17448726408596E+017
3210	0,0001	4,17449533885073E+017
3215	0,0005	4,17453577556218E+017
3220	0,0016	4,17466537427908E+017
3225	0,0002	4,17468159927372E+017
3230	0,0003	4,17470597449823E+017
3235	0,0073	4,17530002311988E+017
3240	0,0037	4,17560158162495E+017
3245	0,0007	4,17565872127662E+017
3250	0,0026	4,17587128128395E+017
3255	0,0099	4,17668188956277E+017
3260	0,0012	4,1767802960419E+017
3265	0,0024	4,17697741086053E+017
3270	0,0012	4,17707611920002E+017
3275	0,0059	4,17756217727595E+017
3280	0,0029	4,17780145192561E+017
3285	0,0111	4,17871869237852E+017
3290	0,0087	4,17943870481517E+017
3295	0,0012	4,17953816780558E+017
3300	0,0018	4,17968758868647E+017
3305	0,0039	4,18001182445149E+017
3310	0,0039	4,1803365507396E+017
3315	0	4,1803365507396E+017
3320	0,0001	4,18034490220971E+017
3325	0,0035	4,1806376438766E+017
3330	0,0046	4,18102296863308E+017
3335	0,009	4,18177799687212E+017
3340	0,0035	4,18207205917811E+017
3345	0,0035	4,18236656169713E+017
3350	0,008	4,18304071651326E+017
3355	0,0036	4,18334453897107E+017
3360	0,0052	4,18378404766314E+017
3365	0,0072	4,18439350374095E+017
3370	0,0039	4,18472411630619E+017
3375	0,0084	4,18543726141952E+017
3380	0,0051	4,18587088383447E+017
3385	0,0075	4,18650950717008E+017
3390	0,0098	4,18734520759178E+017
3395	0,0095	4,18815652021146E+017
3400	0,0125	4,1892256090057E+017
3405	0,0044	4,18960248167194E+017
3410	0,0071	4,19021151011423E+017
3415	0,0073	4,1908386124459E+017
3420	0,0131	4,19196560812024E+017
3425	0,01	4,19282716791324E+017
3430	0,0087	4,19357781917698E+017
3435	0,0115	4,19457150576744E+017
3440	0,008	4,1952637722055E+017
3445	0,0113	4,19624301980847E+017
3450	0,0111	4,19720633169966E+017
3455	0,0083	4,19792768993043E+017
3460	0,0125	4,19901564499751E+017
3465	0,0098	4,19986983436659E+017
3470	0,0122	4,20093474742578E+017
3475	0,0109	4,20188755709175E+017
3480	0,0112	4,20286799955867E+017
3485	0,0121	4,20392874946032E+017
3490	0,0104	4,20484177644563E+017
3495	0,0122	4,2059143617891E+017
3500	0,0119	4,20696206880745E+017
3505	0,0118	4,20800245571195E+017
3510	0,0119	4,20905315617892E+017
3515	0,0115	4,2100699853974E+017
3520	0,0121	4,21114138845444E+017
3525	0,0114	4,21215224335318E+017
3530	0,0111	4,21313789291141E+017
3535	0,0094	4,21397376941832E+017
3540	0,009	4,21477520868854E+017
3545	0,0095	4,21562236722661E+017
3550	0,0105	4,21656002098673E+017
3555	0,009	4,21736485618607E+017
3560	0,0108	4,21833201679691E+017
3565	0,0108	4,2193005357794E+017
3570	0,0083	4,22004590448674E+017
3575	0,0086	4,22081929589801E+017
3580	0,0102	4,22173785699002E+017
3585	0,0091	4,222558502126E+017
3590	0,0094	4,22340738378365E+017
3595	0,0096	4,22427553419464E+017
3600	0,0102	4,22519922691286E+017
3605	0,0103	4,22613327092611E+017
3610	0,0095	4,22699596269549E+017
3615	0,0094	4,2278507557853E+017
3620	0,0116	4,22890706582407E+017
3625	0,0102	4,22983717307506E+017
3630	0,0099	4,23074116940443E+017
3635	0,0103	4,2316829863221E+017
3640	0,0114	4,23272681946576E+017
3645	0,0106	4,23369873437736E+017
3650	0,0101	4,234626074575E+017
3655	0,0109	4,23562823841072E+017
3660	0,0109	4,2366317731956E+017
3665	0,0102	4,23757214369901E+017
3670	0,0079	4,23830146349692E+017
3675	0,0048	4,23874519823411E+017
3680	0,0083	4,23951353348426E+017
3685	0,0094	4,24038487858411E+017
3690	0,0097	4,2412852525891E+017
3695	0,0101	4,24222402574808E+017
3700	0,0108	4,24322922076497E+017
3705	0,0107	4,24422645421472E+017
3710	0,0093	4,24509437823043E+017
3715	0,0092	4,24595412686124E+017
3720	0,0103	4,24691796700806E+017
3725	0,0107	4,24792058363433E+017
3730	0,0092	4,24878380365935E+017
3735	0,0086	4,24959180839252E+017
3740	0,0088	4,25041971075477E+017
3745	0,0103	4,25139002832194E+017
3750	0,0093	4,25226731000898E+017
3755	0,009	4,25311742426313E+017
3760	0,0088	4,25394975391075E+017
3765	0,0085	4,25475477777281E+017
3770	0,0091	4,25561777140255E+017
3775	0,009	4,25647241356218E+017
3780	0,0095	4,25737573070573E+017
3785	0,0088	4,25821359446005E+017
3790	0,0077	4,25894769371375E+017
3795	0,0088	4,25978777111075E+017
3800	0,0098	4,26072454444481E+017
3805	0,0093	4,26161469292992E+017
3810	0,0082	4,26240058639132E+017
3815	0,0077	4,26313952798839E+017
3820	0,0096	4,26406201326515E+017
3825	0,0095	4,26497608418422E+017
3830	0,0096	4,26590098434391E+017
3835	0,0077	4,26664379981566E+017
3840	0,0089	4,26750349813641E+017
3845	0,0088	4,26835464374681E+017
3850	0,0088	4,26920689617854E+017
3855	0,0085	4,2700311636389E+017
3860	0,008	4,27080795097928E+017
3865	0,0081	4,27159546694015E+017
3870	0,0073	4,27230612170546E+017
3875	0,0067	4,27295920918359E+017
3880	0,0065	4,27359361905161E+017
3885	0,0068	4,27425816464611E+017
3890	0,0069	4,27493335081849E+017
3895	0,0075	4,27566819214559E+017
3900	0,0079	4,27644321863383E+017
3905	0,0079	4,27721923874578E+017
3910	0,0071	4,27791756754618E+017
3915	0,007	4,27860694115574E+017
3920	0,0069	4,27928733441942E+017
3925	0,0068	4,2799587221822E+017
3930	0,007	4,28065073706996E+017
3935	0,0073	4,28137332789722E+017
3940	0,0074	4,2821067479651E+017
3945	0,0075	4,28285102242862E+017
3950	0,0076	4,28360617644281E+017
3955	0,0077	4,2843722351627E+017
3960	0,0077	4,28513926235127E+017
3965	0,0078	4,28591723197808E+017
3970	0,0077	4,28668619610398E+017
3975	0,0075	4,28743613044935E+017
3980	0,0074	4,28817699640625E+017
3985	0,0074	4,28891879309926E+017
3990	0,0074	4,28966152052841E+017
3995	0,0072	4,29038507982435E+017
4000	0,0071	4,29074228125678E+017
